id_utente,nome,cognome,username,password,data_nascita,domicilio,ruolo
1,Paolo,Colombo,proiez1,LY98994xaMKcXF+H3Ah27w==:JqXBd9DYJ8a67iXQeA7OD7/47Wdapp+fzHrTKSXPWZs=,,Milano,proiezionista
2,Elena,Ferrari,proiez2,L8YXy0jKpSrEFBfbNmzBgw==:j96u4F4J9wHwjgUg5JxmFk7TYj1A/UgwhePTznu0EXY=,,Monza,proiezionista
3,Luca,Rossi,bigl0,rWAqiuQrW2VAK5fWQIEwpA==:sbocjOFbVwnK/17duK8KbNjC0bw50+vIO+d+tfNIaMM=,,Milano,bigliettaio
4,Marco,Bianchi,bigl1,Qgazohe91r3CssfaClUYXA==:GjoVLDKWP4ZZPYpwipOI0M3jq0wTarcMKMMkHcrGYKI=,,Milano,bigliettaio
5,Giulia,Verdi,bigl2,jwfxF22jI5HwXUfha/wkLA==:PkUUaq9hR/1t8TJ1cUVh18OKYaQArojWmdJpYkUhNsc=,,Milano,bigliettaio
6,Anna,Gallo,bigl3,LqF1VtoMaNhiVbnY08fnOQ==:pdTM3DxqklQCwXqCUkv/Yvn8FoTMzuD44skBgBtSpN4=,,Milano,bigliettaio
7,Paolo,Ferrari,bigl4,WWBYahC9DDLUFgxT7n7Fhg==:3OdqwEjev5dZ+42RxdAf+BFSpWUg1VLfxfNX+7RjHXI=,,Milano,bigliettaio
8,Davide,Bruno,davidebruno0,oOayVXwR2R39h/PvF+qUiw==:IvlbZ2iQwcGJc3qd7fLzyqdeqyZMt8EJnSh/3ITQjZI=,,Monza,cliente
9,Sara,Verdi,saraverdi1,GGfZMXNH4yBX5T2Y10OlgA==:y2zgsUn9y6ak+WFucJWp84bCcazdVI9VoalFpOI9jfE=,,Varese,cliente
10,Elena,Romano,elenaromano2,+5AHezqXvC8duGiDu0R4cA==:dXqY9En1N90icMAqrRMah0ATvyPhI60FJ5tno8r/P80=,,Monza,cliente
11,Luca,Ricci,lucaricci3,9vjTBdxe0kToV72ONTbw5Q==:3PbQ9vpFY9OpuF6g2BRM2DVEQhJK3qrHDa7UR6rj+eU=,,Bergamo,cliente
12,Chiara,Verdi,chiaraverdi4,x9sb1mvpILMfgbj+nFeurQ==:uLePbc5271fQeeyTPJGA+dvlzgyP9Q+k92xtZnAmcBs=,,Como,cliente
13,Matteo,Bianchi,matteobianchi5,IpbzjHrquOEfxd8AgIiQgw==:lszs6kMwPBqBIoV8nk4Hvgnw0UeZ3CRejxwZnsLzcLs=,,Como,cliente
14,Andrea,Romano,andrearomano6,6KoZaa2zS4C5TE2brGbVbQ==:hcew8U7MFZKO5+Seo0XapGGJhuVp1YuupBGKvNzXSOs=,,Varese,cliente
15,Laura,Colombo,lauracolombo7,tBh3bmD0wXO2pbSi/ws1Aw==:bYoIzCl7gQCrl3EfNddI31sZTfJjJ1C5+16gFbGp6is=,,Como,cliente
16,Giulia,Colombo,giuliacolombo8,rsEM9vfkBCPQKDLLML9APw==:uRRwRmvEaGcZ2lgeRyLT+IiKamzTmQ9nCT4ofUfTBZ8=,,Monza,cliente
17,Matteo,Ricci,matteoricci9,RhZufvGE5DhnfOa0wjpOQg==:Q7G0afuu1w09YQEASwywzHS3Xuks/uULNphjWdmg4WI=,,Como,cliente
18,Simone,Rossi,simonerossi10,rmO/JbjRXrYk2Sd/hsh5qw==:pytguHNAcZFDG3qK1CFiN/4XnZI2F1nfBVkq1YZIDxk=,,Monza,cliente
19,Giulia,Russo,giuliarusso11,B6rdo+8rGd3VN1pKgHRYlg==:Xsil9IA5IPhvkJT9afDWsLXk6fd+YJY1cnJxGqESOj4=,,Bergamo,cliente
20,Elena,Colombo,elenacolombo12,ayPHifcajPdXU8peAVcNFg==:KR8QeZ+ZVXyD5TPHmUT706N77xrquJ9rNLGpaHsnjlI=,,Bergamo,cliente
21,Francesca,Greco,francescagreco13,VFJ9KI0Jg6V1v6CbfKBqRw==:XBeMYpUBuQF6VYw43CgyePJ1s85ucw0J0GRIKOm/A4g=,,Como,cliente
22,Sara,Marino,saramarino14,dpABgj9FtWPHt/N5wmRJ7g==:6IkiUmX0pUZzBgWA58Pkbu3rvvPEkISEXkHYHUP97tg=,,Varese,cliente
23,Marco,Fontana,marcofontana15,VsmIGmrOtBvSJt9kIFwCWg==:fMBrgjBoIhgwHPo80+loRgxHneh/7AgGMr7D+qeJmKk=,,Milano,cliente
24,Paolo,Colombo,paolocolombo16,DEHAUUGCW90OyxR4oUo7/Q==:7GhdAjSYCBOw2nTFmsUURKacFPU5i1TG9+8LKLlSA9k=,,Bergamo,cliente
25,Alessio,Colombo,alessiocolombo17,SCL5i7T+ROZgn34DDh4njQ==:2WVBcnFnvjpnaF1esvv33xmcGLP2UntVI95AM85BHHg=,,Monza,cliente
26,Luca,Conti,lucaconti18,Plc3QMxjatkSFHS1PAdZcA==:xn6lic+tYDwxpJJyvIWJ4K1I+w+ap5baHV0aBVf+5js=,,Milano,cliente
27,Giorgia,Romano,giorgiaromano19,H2vXbbyDhXAHNR584qvWbA==:TwGH9lBA52e84tXL2YCOEzPgSfq0YJYnxib9n23d9cA=,,Monza,cliente
28,Alessio,Bruno,alessiobruno20,ylXt+W7bCpRuaqWRCtWLuA==:SqPLbNDCFnd17X/V0i/7UgpHGyGlGHUa35Ub+EhtKrY=,,Bergamo,cliente
29,Chiara,Romano,chiararomano21,Gnxsv4P5ELKVkrGQQjT9Bg==:6w1b13GICvf4qFF+U+vbg1noIGej3aYAwDBPRJGMgB0=,,Como,cliente
30,Davide,Romano,davideromano22,WW7BKk7kCk4p2ttteaKbjg==:86Hi6nSL1Hziq816XNzWXzpyKe41+z/+bauYNG8VqzU=,,Bergamo,cliente
31,Luca,Rossi,lucarossi23,GNOy97P8t3NtpQKXNgYmlA==:yDhDHqLvTUJ7CVrfo29TR9InHNF8WWo3MMf+7F7B1YU=,,Como,cliente
32,Matteo,Marino,matteomarino24,5hMl29aRT0uhhdZJOr1/Sw==:Ldfa58a8kAzymOpzA3tSYSLucTZF+BIfVtSgTRdfLa8=,,Varese,cliente
33,Giulia,Romano,giuliaromano25,bSEYJLYrcx1euH7SG0LeuA==:L29ROF+anl4LtlkRY4Uw8xY1K63UINYga2gTL03FTCk=,,Como,cliente
34,Davide,Esposito,davideesposito26,EaJ6sUVmdcrRztYzu6LDtw==:ZC2jFDRPxTc0vgOp8Ztp8HJ1SqAYtYum+wzKYMMGRdg=,,Milano,cliente
35,Marco,Romano,marcoromano27,zzXW4otclv+ItaKIKPF9Iw==:2abhIl2kyuWXMOkwA5dTW1xrEO9amGMWltJ8ogePcOY=,,Bergamo,cliente
36,Paolo,Greco,paologreco28,1QVt0dZ9g0fs2y/yHwmbtA==:9qlVyHx9GMSj/GdwNxyfnzL6ucNhFvDKTTtwqEAqMoU=,,Monza,cliente
37,Davide,Bianchi,davidebianchi29,xzGCAxPvQhubML0K7BGOuA==:jzEFBSHWF6YzAHMNe6yVvqlkB3Xd1jykqpgaWkFvT70=,,Varese,cliente
38,Anna,Marino,annamarino30,p7hVDITOzns+KZehSpCbtQ==:jck4geeJdsFlWv9kEJoGNXeooQqEadx4oWLYDBcJ3Bw=,,Varese,cliente
39,Simone,Gallo,simonegallo31,0z9HzXbjfOWnXTXhRovCbQ==:olKULHHgdG5tXvTKcIDHNEGOv+v/Cf6ASOFIgiOvfbU=,,Milano,cliente
40,Chiara,Marino,chiaramarino32,nb2vxDnAxHeJHZMPysnwYg==:H6tnwvYp86gaJ/Wa5lIop6DSGMqkF3kJYb8ODlAviUc=,,Varese,cliente
41,Chiara,Russo,chiararusso33,NtC0F7JNhFdse/0CLgn//Q==:QtMBRGx5tkWahBBXa+H0ox3mk/8KcjJrlngIjyGQ5hA=,,Bergamo,cliente
42,Giorgia,Ferrari,giorgiaferrari34,kF/aMNF5z6X7LM6q88wpQQ==:n34IQptec54qEJp6CNZL7U+hEuIcYqoS53CAYCCu2YE=,,Bergamo,cliente
43,Paolo,Romano,paoloromano35,7wqbXyUKUAHXP+Q35ojbeg==:LG87bxfpLjhqJrH8HY0VephUKZLrEu+ZE3Wycg5vFBk=,,Monza,cliente
44,Simone,Fontana,simonefontana36,ffblethaoDmKkbTGs6hntA==:y6F1yjtxBUd1/iGJRoGdX/HA9IW1t/4RgmXXCBMbzgY=,,Como,cliente
45,Anna,Ferrari,annaferrari37,NmGh1UQz7AVNMUxEon1GKA==:Vn8dFnQVPsu9B77bJ7sp6G8fmIVdkXYluWYqB86GNIg=,,Milano,cliente
46,Elena,Gallo,elenagallo38,AThtVP6pV3ZoCVY+/+CjNA==:isf8Rnf0mcG8uYsHN+/6IzW03pHpTGaA9hBBEDXtaXU=,,Bergamo,cliente
47,Giorgia,Bianchi,giorgiabianchi39,zIwHjNfVz5iQpwrnpjtLOw==:zcsoes5m4h88rOwXdV1gkV908DImd+NlB56xT6smAXI=,,Varese,cliente
48,Paolo,Colombo,paolocolombo40,BjVLVCZWPT/kpmy7NV9cUQ==:wFG1ai5dKixMbfBNZvipmuL8Xufj5skLX8FZBO0oSLg=,,Bergamo,cliente
49,Luca,Verdi,lucaverdi41,LDyp9YJIl35kbhZxYPqY7w==:WvXyShQ+ACHuvcNyCd5cRrak2iMK8jj648cMvPP23do=,,Bergamo,cliente
50,Giulia,Bianchi,giuliabianchi42,XAsuembJmmKWqftFzxUNdw==:8850LnGoQuvdpIUnqbSSrkGIso4hbRMesH84EPLSrLE=,,Monza,cliente
51,Giulia,Conti,giuliaconti43,F1xbf57JvQhS10NyQpzPfQ==:pnwo7jGGb4hjd0ZdUQeVn8Z8XIX+gCc0tU4LlgXhXC4=,,Monza,cliente
52,Anna,Bruno,annabruno44,AvgLAc22QEyipuLD7JVAFQ==:NqR9op4chSVESejJAbxtCP15JIKGDX/9GWCBe68ica8=,,Como,cliente
53,Luca,Rossi,lucarossi45,B3BP/t2jMoLVk41Utv7mJg==:IDY9IrnmAhGn8soRZqHMUg1716kFyTie9hNKPPJC2uI=,,Monza,cliente
54,Marco,Greco,marcogreco46,K+IF17wKvFmipySDEoKWzg==:Tjm/aFv8Y1FrhMWjDCCnoR5B3EtQ+INjk/2WOXgh2q4=,,Bergamo,cliente
55,Davide,Verdi,davideverdi47,DImRf9vKd6ScPrYs42Ux+Q==:P5ynnXtzz88Ve1B1CPsRaa9bPgt9TIAMigFCh/IGzHU=,,Monza,cliente
56,Anna,Bianchi,annabianchi48,IqB4xh1SzxUfneICuBCFbw==:67quLZrpuB6504c+upuctRXUjLE20UlTYEdqXDHYloU=,,Monza,cliente
57,Luca,Rossi,lucarossi49,uNfDJUyJUH5ag+Oli5h4TQ==:vRFettjWp13218ztx3ayJH3uHxHYIWBToMOVFERDXok=,,Monza,cliente
58,Giulia,Ferrari,giuliaferrari50,jJQPCVJHNxq3gF0qlYsHtQ==:sEw5OlcAJM9ZSU58dr+Y9RVrK6U+8ttHxmtT8/6Cn00=,,Milano,cliente
59,Marco,Fontana,marcofontana51,7ifKgfWkSzspRklrMtnkew==:0llnVskeRQ+s5LxMu7jWHJILAj2kDgXHvUOetJnSmqI=,,Milano,cliente
60,Chiara,Rossi,chiararossi52,xcZtUEg9kWCS+D1vg6xgCQ==:r5znv8uXMYAuapB+9EXSNxrUKTSgBWEAr4ck0vEciy0=,,Monza,cliente
61,Chiara,Rossi,chiararossi53,t2mCPOfWVFniRjmSGaqojg==:6xr6RJjqFtvHZDjuDTxN/ZOXyF38kYTN9U67RonlaXg=,,Bergamo,cliente
62,Francesca,Ferrari,francescaferrari54,t0cmDEteV1EAcwEv0RIbLQ==:YeagdxovKfZC3PDa2vkCBNYrkl4TkX2s2okT4ENhlRQ=,,Milano,cliente
63,Luca,Esposito,lucaesposito55,CVCKvCj1rNOlRcuiHPqxxQ==:aONq4bUdbLlmROismV1pP7DPXve74rNhdCQzX14buMY=,,Monza,cliente
64,Alessio,Gallo,alessiogallo56,y5MkEcfzMhUg6XO2tTvjFA==:ti4cFr3KgBwPEhQsbfuzeY7hrvfihTfYRNB64H/zPyQ=,,Milano,cliente
65,Giorgia,Greco,giorgiagreco57,i2npogESDXLHGkgGfIXekA==:/MBMEDmEReAjakkepZWY2vMb+KEq9OuMRlIQ9T0sUAY=,,Bergamo,cliente
66,Sara,Romano,sararomano58,v4D1JKxpN2BVzVglx09M3Q==:1/Z4PBvMk4df3Cado8xKLVJLvDiERxfFZJfHteNLWb8=,,Milano,cliente
67,Anna,Verdi,annaverdi59,fsMSIzEgEFs2G6CmTOZsqQ==:fjd6NLwHUdqQbuE6xCdSIe/bDlPrRWcxKnGtyErv3Ew=,,Varese,cliente
68,Davide,Ricci,davidericci60,zqiOd3UISIsqmQc5BiQEtw==:HQfMwhKkT/NFXevgwoWnvGdQ77UYTbngZ78HInSdxEE=,,Como,cliente
69,Sara,Conti,saraconti61,0p8RJE3t7G57WgEnYwl6rQ==:UOiWZh536gWKT6XDIYNE0NOdBoTCKbiD5DGn/KzLusg=,,Milano,cliente
70,Davide,Conti,davideconti62,Fw2b3XKH98659PjQ4Vhn6Q==:o5gI/5Qfux/YZ293rEAQdyzEusxOX2Ogvl7z3kg8JLY=,,Monza,cliente
71,Davide,Ferrari,davideferrari63,asFxphgsPLRC1AS/kafhbg==:hbvF6H8wnKSRyGt1On358c/ULuRvlxY8j+icueplFlM=,,Monza,cliente
72,Alessio,Colombo,alessiocolombo64,+umW4h4niQ89p8MYkLf5Vg==:t5rzxsEJfDtYWC1fYZht2ciPxWhUwwh+jknFmTxn4J4=,,Varese,cliente
73,Anna,Russo,annarusso65,g8wN3QN44f9BgqVsoHGstQ==:9hVnfopU7incx0f2P4X4vEB6CfSopM/hgrOGEXris7Q=,,Milano,cliente
74,Sara,Verdi,saraverdi66,aMBe1rCpiW/6vHkHkanrKg==:kRUO6aglpD3hO3KpLhATifNTejj3w3k5VOpSia84dWU=,,Milano,cliente
75,Francesca,Greco,francescagreco67,A7tuDEvRF5cKMjDB/PXWqg==:y0om2gkW7d5Lyyo5uNF2kCBz36fD7P/oOz4iMzWJcGU=,,Bergamo,cliente
76,Giorgia,Marino,giorgiamarino68,4/Z+WiMr2ch3OOTp4GNMjA==:Et6Zw6ASh3v3/maRQYwLj24xKeI13z6hCsRuwIUErRU=,,Monza,cliente
77,Chiara,Gallo,chiaragallo69,k3eWbsWuUv0fyR7m8KOq5g==:shw30Sqb88eOgzwYezinag5CbKprRhFwLcK8Ms5yMpM=,,Como,cliente
78,Davide,Verdi,davideverdi70,LacEHM98ACAStAlOIEPbpQ==:/ryUGly7nZtnKU65h6kVcT/TK8NPzJJCdcAIyg9I3yE=,,Varese,cliente
79,Andrea,Gallo,andreagallo71,Kathv0Eawj3vjfLUaDfY4w==:HRifM33gaPnBbM6T6QsTaRT3IgaB1Xed+p+yEMrqVjo=,,Monza,cliente
80,Giulia,Colombo,giuliacolombo72,iac98o1Vt0h8syydJw/FVA==:sAU2GPdyuI/ZTOVWTEe9MU+77Zr5mrAS+miXd5+/s6A=,,Varese,cliente
81,Giulia,Esposito,giuliaesposito73,2Ag6leTRercKBC1yV9p5mQ==:coQS126dVRjRxZCIod9KcAEBknS2KGlbkU9F/xHkpkY=,,Milano,cliente
82,Giulia,Fontana,giuliafontana74,GpsS5Wfq+Xo3L05sk+ey6w==:J76vtdqALBHpLGdDe5vHGitF40k0mD///GhO6xtZTdE=,,Milano,cliente
83,Andrea,Romano,andrearomano75,OI2/Oc24x3Tg7Ne9qI5BxA==:XpWoSTdwR4xAUJQTLhkaP86I67L89/zjN4GccEPUecU=,,Como,cliente
84,Chiara,Fontana,chiarafontana76,PD1uNhlYriP+U7HVhROOjg==:+MKo8yQE4LrBCR09lyOxr3JMLNPK9B1tny1mHISVKLU=,,Monza,cliente
85,Chiara,Ricci,chiararicci77,wWH0U+yX7ukOo0Q84il6hw==:BqFnE0HS53r8Zkwe+Hjv8qNM6BdEFGYskdPYUQyg/F8=,,Varese,cliente
86,Marco,Rossi,marcorossi78,TAuHRWMUNiBJ9WP66/CnWA==:x6oanEKo/jb8WnvmMM4zEoj+QfV6FOeopUJ5IZSSuHo=,,Milano,cliente
87,Luca,Marino,lucamarino79,5sEE54RH0ZChsoXdUQpLxg==:F1cgP5DSv8v/akM2oUkk4uynvdwHC6iwEQkPoRXnMX0=,,Bergamo,cliente
88,Alessio,Ferrari,alessioferrari80,0Ri/40gwQlX3tjzmjmSlLg==:xKVqbnKiGvjWY8+2paP9L2X3DSVnj1h0xpKny1ApgXs=,,Como,cliente
89,Francesca,Greco,francescagreco81,Gys89A/hDQMpfW98DL9lfg==:LyTFRKGwB+0dhnT0SEM8Bup3xNxJmN/mWDXDmGhMoMw=,,Bergamo,cliente
90,Andrea,Gallo,andreagallo82,VydwBzSaAVw2O7ms1ODT7Q==:QF++YDmTK/z+o66TOh3OylE74HzOgL7M5tOl0F076fA=,,Monza,cliente
91,Matteo,Bianchi,matteobianchi83,ltBIegyNnjqkiQ9tdFEx6g==:sn7Addi6/FmB0sBXy5L2OCtXZFmmBHzWpSH6GbeKLKQ=,,Bergamo,cliente
92,Paolo,Fontana,paolofontana84,4OZqvD5HcVJeQysL5ONqyQ==:uC0uD/4kkStTytKydPWDknfGKVXI1KLD4hBXcQsC+qQ=,,Como,cliente
93,Luca,Colombo,lucacolombo85,t86i9TQxf2X/1PtZs0SqGQ==:6QGwP9f4gAUPMJpWybSzWZCAFtYxW3Up+Ss1XJRsxaI=,,Milano,cliente
94,Giorgia,Conti,giorgiaconti86,bZKk8IuxoVeb3m0fBdHnnQ==:YqmvacnZ/Dt+aiK3UjvejRVHNuLCnZzoWulsC/IYQ2w=,,Milano,cliente
95,Laura,Ferrari,lauraferrari87,AogpROyQO7m2eFosyz2ogg==:rv79Wc8Tlm8yXUXk1sMHuCL9jhVs/osN8fuPt4EpSLk=,,Bergamo,cliente
96,Francesca,Ferrari,francescaferrari88,yK/G5m1yB1vco/KUWiIwpA==:C0ws+gX25EVtXeZs0LmRO1EH9QgiCsXuFA5bJKW0A+s=,,Como,cliente
97,Francesca,Colombo,francescacolombo89,53MVbyPltERamPb2Whw9VQ==:wT4hkls7NOBXDMcDSQ0AqXnspFp3Aukd8V1oqaksOVo=,,Como,cliente
98,Laura,Verdi,lauraverdi90,qKdrsVtL17Ipcglituc59g==:lSB0x8jnP4IrwAN4GH1t+qDFAoqFP4NkkE12FgLoetA=,,Varese,cliente
99,Chiara,Conti,chiaraconti91,0Bemj/cQUX0YOgSebqnLdg==:jg5+sDDvJF+CZe9hCvR4j6BCFv8MH7AEd9APoCsJO+M=,,Milano,cliente
100,Sara,Marino,saramarino92,Obwz0fyjmi4atkGYy7nRjA==:J2POMr1od+0NJtCNE8Y0esvn0KM1GjWr0KW0KtRgMpM=,,Bergamo,cliente
101,Matteo,Bianchi,matteobianchi93,QDPCdj1X4xcAyCxecDElXA==:AEourGDirGkCth+opoQA3BHOH5fKoxo1952eZJ3fRSw=,,Monza,cliente
102,Giorgia,Marino,giorgiamarino94,6SaF7E3800Wu2bIOlUkBWQ==:OV+Rxul/+Q87uFBs8HbGqkSWPvwtgX6dkxdZ+XY11xg=,,Varese,cliente
103,Andrea,Ricci,andrearicci95,t19HoYLo85dc9JJazM+LeA==:4eEpRxgX3AeISo3zixmZi0aSd3kWTlct8vgu9uNCiLc=,,Varese,cliente
104,Elena,Bianchi,elenabianchi96,4pm4e4iy1i3fbSHTyTpJBA==:0TNhDaonyy1IDyeycBOblVj7zhzWheF5Xp/ZoEkD5pE=,,Como,cliente
105,Andrea,Gallo,andreagallo97,Y+3MaCBzwUdQb4aO6LF64A==:BVChek2A66Ukm2JzlhqFGaj/NxndHYut6JomjINFV5Q=,,Varese,cliente
106,Andrea,Marino,andreamarino98,TeITDJV8LHqQ+NB/Q2S+gQ==:ZBbt2FtNBDjXYTnh2mj+THJl9XrNL5SsnolLCPsaDI0=,,Monza,cliente
107,Marco,Russo,marcorusso99,jVtsQbaYcMJ5W/XJOVyfRA==:EZOGtVt+mKGraqk7spgCmhiqP1amdLxKuo6o31cbr+k=,,Varese,cliente
108,Giulia,Conti,giuliaconti100,+PBkWXCIEqZS3CNp2FmeEQ==:sQavt3WUSrpu+Ww8zjRoHOsD3yBHxXi2PJU9WMV/gms=,,Varese,cliente
109,Chiara,Romano,chiararomano101,JLtfnHTqWNmY3aMkAaon4Q==:iKlADGDvkxVEm+Lu31dRNXmAxDciFJK1HXSwEvsRxAw=,,Monza,cliente
110,Simone,Fontana,simonefontana102,2/lxUuKiFjdIMUqwW87Dhw==:0HqmtAtdJZ6LifjMtVTr6MAHBjQOubqFVzW1Tw66Ebg=,,Bergamo,cliente
111,Chiara,Russo,chiararusso103,GhWjuHs1ZHWyMtEG5COIcA==:/nHXPCOXa3z4dYyF5oNztyNTR2PBL56XjotaAZEqCh4=,,Monza,cliente
112,Elena,Conti,elenaconti104,KPVVe5RFqHgas43R3tUcXg==:aaPIf7NpxKUt6OAmy1UEKNf0kOjjOcquX0H1rEvhiZ0=,,Milano,cliente
113,Anna,Romano,annaromano105,zQeyzJ41DSBYlwWujaV2Fg==:sSwMzsbHTDf+KiUUJq/1SijurnZ534YGeA8xDJORdMc=,,Varese,cliente
114,Andrea,Marino,andreamarino106,eL/pOnGyKN27zu+AvdJuUw==:/EDMStMF/GRy/SBX3dut0f06/YLZffgLKzGjTkfG5iI=,,Monza,cliente
115,Anna,Fontana,annafontana107,WM1+lgb1I8E0QuJ5macAPg==:LOY2vlMbPdDrawDpn2E+Rc9qW/i0eTL+aVt3bQqcF0Q=,,Como,cliente
116,Marco,Gallo,marcogallo108,svZB90KY9aswEjTdUSSZSA==:8+GH7Wi71B+Q+kATi2aAXDvGfR3gzM9VRmN2mxq7Zzg=,,Bergamo,cliente
117,Davide,Greco,davidegreco109,IqPk7nrgmncLzjb+Vb85Ag==:X7zK6NJjQOaM1wkghafUCzUBpAAWYyWYo/JjnAUqmEA=,,Monza,cliente
118,Alessio,Colombo,alessiocolombo110,xdBuuvkxFNZo4/hzJv/Beg==:+TcouXXcTKxvUDIZD4CQURT26yNwFhYSjcr6cmVWwdk=,,Como,cliente
119,Elena,Marino,elenamarino111,9VVWCJ2DcVFhIcNNkmS4RQ==:Gawq+XrmbGydlX84i2UU/c0JB+S1fyVsZsgc8jPjlrc=,,Como,cliente
120,Andrea,Gallo,andreagallo112,L+I4WHmqEf0AI2qTRlK0qA==:rvEfaO3T+3htH25WXwZbUxPEgjP8cUQ83xzN8v/ENco=,,Monza,cliente
121,Andrea,Conti,andreaconti113,S6Wgx3/OgzlalnCSekaR8A==:RKnJUSmn0ig2jMOj9rGJUa/2G4vSasrU52KEADAUvt4=,,Varese,cliente
122,Francesca,Esposito,francescaesposito114,3WZEQpkOL7CNm7GDG9AJbw==:rEFtOAWvDQVrXX4V5lzz6h/QxWQ4aAdr5809OfkGaSk=,,Milano,cliente
123,Marco,Marino,marcomarino115,ZQrmfY4c56s//m/LVVzUlA==:eP45as/7oB1GKIPmqBTkt9xfziQLt0EnwJSZX7j5NXw=,,Monza,cliente
124,Paolo,Romano,paoloromano116,Per04OiJL+QBVuivb9gQFw==:bb6g7j5dyDx4ldyHsTLVr77cObqUxIqRA6o4MDS08wc=,,Varese,cliente
125,Anna,Verdi,annaverdi117,O2JpXwn0nWgigKgiEXdGLw==:gTQ4l1M2WH3n1Olp5hdtheiyxAHUeqfoP6kXkPVwClg=,,Milano,cliente
126,Laura,Conti,lauraconti118,xIrh/t2wnRFiX9xhd1t8qQ==:+5nD1Afto9GqNVRPhb3ObaI6vbuj8DQpUnd6xYy0zBg=,,Como,cliente
127,Anna,Gallo,annagallo119,KXe6Lm8lWlTxlO4CsOwznQ==:x7n4gIPqbphMEnCUUklBjEhiK4Oj8v0jE3g76KjjCEE=,,Bergamo,cliente
128,Francesca,Romano,francescaromano120,CnVXnwy4ng3tJ0uvdzF6CA==:d8Ij4aN6u01NYc8buCBzW083XHybMfloDsOJUrNZ53w=,,Bergamo,cliente
129,Elena,Rossi,elenarossi121,1EIcD/hyLUYwChLU8Yus2Q==:2OhxaAjZ4kiQk49fJW6D0netEh0o0lYcID/Z2iUVi0M=,,Monza,cliente
130,Anna,Bianchi,annabianchi122,5C6EO+d4MQrq2KFwSH5TeA==:WMdFAEW3Ysx1zfb5CopEUSGexxwVEF7OqrVf9QhCjy4=,,Milano,cliente
131,Anna,Colombo,annacolombo123,uwtTn9HwjNn5cxnexcpwTw==:ljk0o6HQMfDCcejbI4S0f5ej3Ph0yYFmxp1B8b6vzME=,,Bergamo,cliente
132,Sara,Colombo,saracolombo124,zWyIA2HBfZVofWnF0V9N7Q==:zyEGnKZv+XM89bMKg1RIRbFSof1HL9B6WYDtDDIPnW0=,,Bergamo,cliente
133,Chiara,Verdi,chiaraverdi125,f1t+NfQfRnIkBhKBhEA1nw==:kJWpBSYdtJ1QXVNM212iwGgbIbXX2Pyk8Yh11X9yUOI=,,Monza,cliente
134,Chiara,Russo,chiararusso126,xD9gR7Ag2Zt+ntkw5rultg==:dzvPvWPzUfKAMSvkt2G2hDEk+5Vvl9dvJRZCYZYLwFM=,,Monza,cliente
135,Matteo,Bruno,matteobruno127,SYZN1WquNsrhvO4SmCR0+g==:+FYlyLFxWDtdLrfroDCihV1JMd7ABASwovGhz6wOyXQ=,,Bergamo,cliente
136,Sara,Bianchi,sarabianchi128,F5GHAyfv7j2PHadaFQDU8Q==:olu3A/IXZATShHSG9MNGQzdkfideWxromNarZad4LCM=,,Milano,cliente
137,Matteo,Romano,matteoromano129,A1lXLTF/PPMIcsKke00aHA==:ukZXM26TqjSssW2i35n16wOJ1jS0bKLZRz0bkISWzu8=,,Varese,cliente
138,Simone,Bruno,simonebruno130,F6fSuuDzAx0UKWXBJzPZIw==:XR/xlDyaVvgVm3L+9Fm1yLbNBcNdjMdSD6aoyrc2vn8=,,Milano,cliente
139,Giorgia,Verdi,giorgiaverdi131,WLIxDM05yeP4FrwTVOhO0g==:4aB8BlD67jBfb2fNo7qxSUmlJ1n1P+XkdXgp+uvbzRY=,,Varese,cliente
140,Anna,Russo,annarusso132,zwTZykx8fqDIeglW3JB5Og==:EXI4tCTD5xlBqb+5ewyK7f+6hjqzsjcx0HD1vF+kZbs=,,Varese,cliente
141,Anna,Russo,annarusso133,c29dUGTaYO7IZbk4baNgKw==:JFDGXACk+QxAaHx7YazuNa99aosJYUz1Xzbh2E6n794=,,Varese,cliente
142,Luca,Ferrari,lucaferrari134,8QmBCl6+fq+4QjJuqMwONQ==:S82oiDAD5+n/wb5/5gruhnMdEQpuPh1XzGL8nigENyk=,,Milano,cliente
143,Laura,Ricci,lauraricci135,hRGwmIqTsog5OEOwT5Ju6g==:GaPW3s5+o6J1yHSbD8yyPecH20zzb7FAgzPrifrb8m0=,,Bergamo,cliente
144,Giorgia,Bianchi,giorgiabianchi136,oS/+qCqJerqlBVEvnl/Q9w==:UvjKBXbQz3D/z0IB64Duodga3Kw98xAze79qjFZ2758=,,Varese,cliente
145,Laura,Romano,lauraromano137,afkxddS+4iYj/D7nj7+DsA==:XF9oivigrScOx7cgPQSOSXtv6PsXEF4P8InwYm86XOg=,,Varese,cliente
146,Giulia,Gallo,giuliagallo138,WOTcluz09W9uYe6zPlwETQ==:dsWvTFHjSY8ku2VFx/EqNimiQ6dfYHrTRjnPHMejtwo=,,Varese,cliente
147,Giorgia,Rossi,giorgiarossi139,lqQ7jj3/noR5I75JCWKseA==:ryXPpLo+ld2iTs1JwutEZnqTeGNUsdD0Hf9Y8zGUYbQ=,,Bergamo,cliente
148,Paolo,Ferrari,paoloferrari140,qj/nbDzBNdZiLQwgiyBgig==:fdu441MwchyUBJPMc5p87OOFrrkLTUN8uOsGIWRVyn8=,,Monza,cliente
149,Marco,Ferrari,marcoferrari141,B6SDQ1ke0w/uyVTWs4jsgQ==:nx5/v1PFZvfHeaToy3YhYzRCbgLzuljnyDqX1XU8v+c=,,Como,cliente
150,Paolo,Rossi,paolorossi142,8aJjn/rw5+PZn2l75lpQNA==:Dm7wb7UAKjVPHHLoG3sTdQiXNDCUN+Wasy3uQCFjMHI=,,Como,cliente
151,Giulia,Greco,giuliagreco143,Twm8PZRo2IgT3h001JVUQQ==:Cb45xh9i8S6DhJd4h3WC1Zlvca65Fx2mSGvzlDTeEPU=,,Varese,cliente
152,Matteo,Marino,matteomarino144,R9PQvp4R56TE2aRPROylyg==:Fh1hw5IHqq728A40QU6+BYsdf10g0moL/edqRDz2bL8=,,Milano,cliente
153,Anna,Ricci,annaricci145,1O2EqzogFRoQ0bkyPCf0Rg==:wXBW958lDsk/X7LN66xvXVmA2abtBhcK5OCEeRHijKA=,,Bergamo,cliente
154,Alessio,Ferrari,alessioferrari146,DBWChLAOUZVUiFGl3LZSEQ==:bkae6HLAti05GL51ZoEd2L8fTKqNbGhPTuuLU+gV/uQ=,,Varese,cliente
155,Alessio,Colombo,alessiocolombo147,o5obHFkjhYHr9PuqMW27Ag==:8cOwytabISdSgTrFpObEms5l+y7Sqrk/bxp1NZkPjn0=,,Monza,cliente
156,Alessio,Colombo,alessiocolombo148,X4ZD8TGzevxSJaGvEH2OfQ==:W1q6k9X/TYd34Dg7tJEMs1t4oE75nK7xGXcn8waLHTk=,,Bergamo,cliente
157,Sara,Conti,saraconti149,NXjFnRCeV3wgmU1Qw4G02g==:HN5qx/YKpTZuZ7geUyEGbF11YX6GUt/rHcDf0GHwVrM=,,Varese,cliente
158,Francesca,Romano,francescaromano150,KzmUjXAfktVQBN+fVuS8Ww==:qZparsCZ7Fazi8WrNdwPod0SvWD0LzGWsCoQp5AcoU0=,,Bergamo,cliente
159,Sara,Fontana,sarafontana151,l4866tzU8kb8ZIGYHMrfhQ==:kpdTGQv5aCmpweQ52N9zypeIIhctzYCGZL3c6eOn0gA=,,Varese,cliente
160,Marco,Colombo,marcocolombo152,b+rTcBnNNLo8RLQOEopbCQ==:F8wQXJD6SsConDGN1V07aO/pvFZiWBtagFVRY7TPF8A=,,Bergamo,cliente
161,Andrea,Bruno,andreabruno153,hf04m3czxlZzNJrPX0WVDg==:UuSCqLhAbvS2P7WH6917dxbeFIUapUt6SOiCnSV5ZQk=,,Milano,cliente
162,Davide,Bruno,davidebruno154,Zne69CVvuBaI3X78xxU6Fg==:mTxsbCF10GpkOwCejfmfvKXsqv9chdCaKlZD9YiGmUs=,,Varese,cliente
163,Luca,Conti,lucaconti155,y3CtAzeJJC3AFXxr92FjVg==:CdUax1SYff0N3DuSjhItv9pMBhB4T5zxub9vQ7R7FvY=,,Monza,cliente
164,Francesca,Romano,francescaromano156,KaCE7/nITMZsD9y7lZsH9Q==:9Z7dFiHUo6FBGntY1xVB8wde/ni42jJDaD78iB+njIY=,,Bergamo,cliente
165,Luca,Russo,lucarusso157,Y4Di8ZYzrmZfosKIwtp8kA==:GKnj6vfqDVRAsLRYY64rBwXSoOBya+ofewy93BqrwD4=,,Como,cliente
166,Giorgia,Gallo,giorgiagallo158,dB2Awq+Jp9XvFqzT0c2/0w==:X3CFKDTDlePOQxY3uO4vaNppZfw5Q0frlXJTRhD7QFE=,,Varese,cliente
167,Francesca,Russo,francescarusso159,uQTGMmSNlTHRGNzpk4fT/A==:EKOFFJFyrBKfkDFgeQ9Xhqmbt/2yDRgKNV0pmMEP2eg=,,Monza,cliente
168,Paolo,Marino,paolomarino160,Dzx7rwX98sgFdL9us8drlQ==:DB1HgH3NBLlJvzY+Z2WXmA40W397IMu4GLlRe/WeP1M=,,Milano,cliente
169,Giulia,Bruno,giuliabruno161,yiUw70Fo4BKH2Ohc1FpL7Q==:Mj8/urqlZqRedSPUNF01EzANBJfrUFQ+wqXsFRYh/qc=,,Bergamo,cliente
170,Anna,Verdi,annaverdi162,uw1cHOeTbNymx3s9tzeqCA==:ddRspcOVNVaM9NWPnt5HPYiot7YmYU9JuxeWROgYAsg=,,Como,cliente
171,Elena,Esposito,elenaesposito163,PnWqOs24ZpaknpfUoofYNw==:pt+uT/FdB9r0T0ofuXZBqYpTSrfURpyOSs/foLQiRIY=,,Bergamo,cliente
172,Giorgia,Colombo,giorgiacolombo164,ew98F2nGOSl3L5fvBdevKg==:2zc5RGwISKcxWHFJhlVbgrSK1TICD2/8usIa8mYXIcA=,,Milano,cliente
173,Elena,Greco,elenagreco165,/IbFQVIQpZyT99kdmo/++g==:K+VQlxPl3LpdUup6oIasHL3/ifYoebJ08czLW166nLw=,,Como,cliente
174,Davide,Romano,davideromano166,7QMxJc7VopGq2/ZI9etlZQ==:ty/64nilNxZmQgPKtR90uu20Q7j74NFwMlQNlRiUovI=,,Como,cliente
175,Matteo,Verdi,matteoverdi167,/hyWKE42ooWeOOIIqwV64A==:2OHF5m6UQ8fm+JaEk6UPC3jdI/PZp7QCOzQl2mP+ilE=,,Varese,cliente
176,Marco,Greco,marcogreco168,QRTvYD9m1+CKHQ1gcld5ww==:UCUmxIPHorMFICZYOEmrm2lei+E48OisfykT0YKtP3Q=,,Milano,cliente
177,Giulia,Bianchi,giuliabianchi169,c70hpgkKwh9OwpVCmdUQuw==:R0nOFQ+ehICunFGHFK/Ch6QY9rZASHsnR+qKZ/dvoxM=,,Varese,cliente
178,Matteo,Fontana,matteofontana170,irTfZ0RL5ar5kEcdNr7COg==:yrsVJzSV6/y7woXYCCGEDJWw0bmWSOkZVtFBCDOEv+c=,,Monza,cliente
179,Andrea,Bruno,andreabruno171,X8S4dsmpgAtOPR5Pg4euLA==:HagZLWGmd7KxyENcx6j9bIIfDkCGmmWoeHdsxXL51tY=,,Varese,cliente
180,Giulia,Esposito,giuliaesposito172,vM12r8iQ20zJZ3WF/AaIFA==:MSRflY6jH9q/owubVuYT3/Et4F7xIDYGEGsG7ax3A2g=,,Milano,cliente
181,Luca,Marino,lucamarino173,vdtvv/JiTjDm/KdHvF+YkQ==:2o1Pbcb4T1LbIdO7xr2xhAysLgqBjd0qNjZkETLgWds=,,Varese,cliente
182,Davide,Bianchi,davidebianchi174,j6cRQDf+UELTXPWVRPb5ow==:3o+UUVh2pnOuUj7SnMCKzs4OOT8Dko/HI1ZG+r76UHw=,,Como,cliente
183,Giulia,Romano,giuliaromano175,wA0+sDY1fCpO5iKhsVcpYw==:+CmyhgIvT77X6S4FaL9f1qekyzBXq5jYmzxWo2zvm70=,,Monza,cliente
184,Alessio,Colombo,alessiocolombo176,PeuBf1nXytvtqGvvEzSrJg==:4J8qmEaLq3I+idz3DVzSAtdThsDYqkbi5v8aB59StaE=,,Milano,cliente
185,Alessio,Russo,alessiorusso177,EkRa7xklPmsZbi027Wkfww==:VUVr8+IKTnFS+UxrKR0IHGhfgnDj5G5fxADblL3Kmu0=,,Bergamo,cliente
186,Matteo,Russo,matteorusso178,1MlS0UqY1W4eikHavKWIEg==:9VA/MkcJl5Ev4hEpRijAC7CzsmoHY20VtuwDKS5Iz9k=,,Bergamo,cliente
187,Paolo,Verdi,paoloverdi179,q9++ek0jS36iU621vFn1WQ==:Ys62vfPOdQkej7a+AL8siLK9t8KYAfo4M9ZNuwj3q/M=,,Varese,cliente
188,Giulia,Bruno,giuliabruno180,rNWJT1HdSsam6wDU4qSThg==:xHYvHK0nf7ONqmN7qUnFMKFIBS1qV/GTCHuZzehdE+s=,,Como,cliente
189,Giulia,Bianchi,giuliabianchi181,GjMt2KGCgCwnW0GY2xIR/Q==:IDnubRdCg4g8o0hhlBStWUaLrQ61Dqu0XO/uZ4+5lv8=,,Como,cliente
190,Sara,Esposito,saraesposito182,ePGROXE09LmQfe6C7DaJgw==:nYc7L/fF3Xhi25kXXH8wpHJWQLtI78j50qEHHzKTfMI=,,Como,cliente
191,Sara,Colombo,saracolombo183,gdrf9UPQF6457tXpdKaFuQ==:+EGjHsR5WT/TSU0DwH4mYv6x8TT2ua97aqe0bpDxXoU=,,Milano,cliente
192,Marco,Verdi,marcoverdi184,qM+8THb5qlQp7qMOoL1j8w==:K9Y1oOiNuJU0lvZBfd5GQzXZlTawxlP5AVdvJL6pOSA=,,Monza,cliente
193,Matteo,Esposito,matteoesposito185,QzN/0Mc+MFEYiZIjysqk5A==:AalTCIhCJ42sYIZS+aL59mrhYH8IlJ3qSi+z31hmQ1s=,,Monza,cliente
194,Paolo,Rossi,paolorossi186,npT5cK3ZVEyyyF3zS4saMA==:dgpUAPd9UgUDOkROGxAjJ7GKja5shXfnt6xu6GfmWzQ=,,Bergamo,cliente
195,Marco,Ricci,marcoricci187,cgO5pHizkz7F8U4lMRDwVA==:syU2196qmB5ie5hTBdY+dDb0NPfCN0AweXzEUQc1TVk=,,Como,cliente
196,Giorgia,Romano,giorgiaromano188,eNO8V0FLVL0uSL6NOa+E9Q==:t4N+1WZGnS7j9rx7wR/MfxgTaFNiKzoT+aIC4no5ukg=,,Milano,cliente
197,Giulia,Verdi,giuliaverdi189,0pf10hjTMbj8Lgjf1nUpMA==:mdI5D4QgZpZBJaUvS170XTq2dTMMj1c+xZCMUHkaX/U=,,Monza,cliente
198,Simone,Romano,simoneromano190,ctOu5p5GFhJtWK/n1DneTg==:V0fk2y7v+8jkn6d0qh9bhOOhNzlEhGiKWeIgnjvvEBA=,,Varese,cliente
199,Luca,Gallo,lucagallo191,03w4tVGtDSOy3cmm6igZSA==:3kP0NK5WHeDUHIdFb7J+oAvC2zShGW3YmeyDwfjzIRQ=,,Como,cliente
200,Marco,Ricci,marcoricci192,p21iBseMnyecXy7BLIwL6w==:XB4V5/o4jAuoePyfFW7YZskeRUMX+r0f7Kfwwg4Cf5o=,,Varese,cliente
201,Matteo,Bianchi,matteobianchi193,y7Z2VvC9qgLPz3bCARG3eg==:GbwRvGbUj5Im50hr+382OXBzpP0Zh1KsJml/rR9DWMY=,,Varese,cliente
202,Alessio,Verdi,alessioverdi194,TJXMaFVgN0XpLPY4VFx73g==:M9rBWbiw4wyDYkthCmZZu0NnlLP6LQdqU4PgOhA1eyM=,,Bergamo,cliente
203,Laura,Colombo,lauracolombo195,i3DENaV3y/ijX2LF6Fzbcw==:UhB8stnO4JnROvu7qDCcJUL1U2IwvFU8qDxx8pKB8kc=,,Monza,cliente
204,Chiara,Bruno,chiarabruno196,tlu6HsTBd6+Kfrz37VA8ww==:zloY8YI1HrzExE8YxOQZpVvbKqH+ZGM1gsRRvhM1gWA=,,Milano,cliente
205,Andrea,Ricci,andrearicci197,ETMVMnCaSdqJRwe59bTM7Q==:C20aPghXefPuChauogzI4ZG0mhPcrvDKZCG+/ASxKRQ=,,Bergamo,cliente
206,Paolo,Russo,paolorusso198,frr1hcDtPbFFpZCO8s9U5w==:AOxeg67EnS8nQYvL+Oq60oCs1BvveM14L5dTwPalma0=,,Bergamo,cliente
207,Anna,Marino,annamarino199,HM7AfcqReJQhjGD0eLzhpg==:7qzVGJsbM1UD7oAOoahdwOOm/eKVxumY/sGJAAWAyFE=,,Monza,cliente
208,Sara,Gallo,saragallo200,JRYRI4f+gI/9tI6Cf6on+w==:UbwDUtqd/hVi1z4qXCiv0ECL/sxi6xnEQjYrB5rDxuQ=,,Milano,cliente
209,Luca,Gallo,lucagallo201,besPPikCyxdbtP3D5ch20A==:LJOO88LItoU/Buw5r7G9uqq931GCD8ef5cwWNZYqxXc=,,Varese,cliente
210,Andrea,Verdi,andreaverdi202,DImcNIfaKZrIwiVqd4PpHg==:1zefFuUNFm7DrPgmSS3Qv2D2jQnCbtoexcS0SFeRfVQ=,,Varese,cliente
211,Laura,Ricci,lauraricci203,57a4Ml+9TYT3Hq0IFeJaag==:7LHoRsnnb3tjC45c7toVe2i2VpzcRZu2R4hWkePrLJw=,,Milano,cliente
212,Giulia,Fontana,giuliafontana204,zJ5sM2ESiz+PRnkjW3l3Yw==:DSCoGlKD79i1t35ap6uuhM2yDP9b1KM9W5y9Umrzr7g=,,Como,cliente
213,Simone,Verdi,simoneverdi205,EtLqPBTAmyV4TYKF7sM59A==:DroK0dSHg/m9tlD1hfutrEFtp/L1aD93ScoH+ea3JDg=,,Varese,cliente
214,Paolo,Greco,paologreco206,hOAgt06731G02Pj4dHE7Qg==:EDHlLA6y19kd/pGBzZOmR5Ffkmlcevs2JJnr87JHK4g=,,Como,cliente
215,Elena,Bruno,elenabruno207,J2dFayapKjjjcUKLeNX1cw==:mvGy+vdp9+azNtGljzUqXfyoXfotGpxKwWltgWYqpoE=,,Varese,cliente
216,Luca,Marino,lucamarino208,Cdp0E7xG3IGtz/dgg7laKA==:fuZrIHDEvLmuaRGfxAk2xL+Ez3u5wezsKaOjZU/8NxM=,,Como,cliente
217,Alessio,Esposito,alessioesposito209,QL2hVv15lIup+bk6udU/+Q==:9g+uckSSUcQyCToPiY9kxYrq0eyUa7e2wy/cCdO9k3c=,,Bergamo,cliente
218,Giorgia,Greco,giorgiagreco210,ZjLjpU8hwO+7krQ0BOTMZQ==:ak8TPveKM4W4apuqRFbkBzR99VbwAR9e11X/CG9ZJoI=,,Como,cliente
219,Elena,Esposito,elenaesposito211,6oKJVTjhZOJJIMgYERM9bA==:E25ooJ/HkQzALS53ui2Jq0HVRqUqSsuAQ8kcke+8+5A=,,Bergamo,cliente
220,Luca,Gallo,lucagallo212,1xjfVdbleaNGc8jSDUmnhA==:OOWw0T/rSJsitTNviNeDX+m/6IJkuXwsDnTOtobtJLA=,,Milano,cliente
221,Andrea,Bruno,andreabruno213,RvSyt6mP9501h5Ak1trXhA==:6OaD3ukwLNe1QwYBNDz+Q/6luIq+hXJxGcrhv8GfTvQ=,,Monza,cliente
222,Paolo,Fontana,paolofontana214,jbQYlGpczmPyR1sThlFpew==:ayAavKakYGqV5u+O0N4+4kcCVPa9kbA6XPSmYYzVGDs=,,Bergamo,cliente
223,Alessio,Fontana,alessiofontana215,d7GB0sb6sBmbAi9fmZR4Ng==:nukAAuIu+EMsMmM0nLEXOHcOQ/aiIsg4MwudN6zSv9c=,,Monza,cliente
224,Matteo,Fontana,matteofontana216,yw7Zj9ZEyiJn/kDtTUrP0g==:xH3EYRzY6Q1MOMU79W/Jfs75LalyzekBkW8rd7VKRIw=,,Monza,cliente
225,Luca,Gallo,lucagallo217,f+hCQ4KtQCBMCU52hdB4HQ==:f22xiGJ2Mr45LMPEbb8Vt9IkdXZqjgnwxmbEHx2gM+8=,,Como,cliente
226,Giorgia,Gallo,giorgiagallo218,/yRNJPtx6+KtxUGhD4ws4w==:YremCdMxmSpgXOxhvtv+U0oW5V96ibheHT72sE8uo8A=,,Milano,cliente
227,Paolo,Romano,paoloromano219,MrClIubHayVCeluVbucCYQ==:ZcMOwY6kQKA/xFQ9rRRVmG6Bqz7gvap9z6fcBPQjakU=,,Varese,cliente
228,Sara,Bruno,sarabruno220,+MSeP71Wh0jS1lvqPoDTYw==:Dq41sN41/9uOBPhSaVdlcGTh2FleULLLtKFM2PV8Obs=,,Milano,cliente
229,Matteo,Romano,matteoromano221,EYSweYpxfnkQM5d/etMnuw==:lxAUD55nzZ4ug8p3UL1sdzdfMu55iHp7dKzRCWEuHUw=,,Bergamo,cliente
230,Giorgia,Fontana,giorgiafontana222,rI4NLIMnCXUo7WgN17umlg==:lJWB1+sJr3he5q01B4GQ6lg79VJtbSqPN87hA/ID3mA=,,Varese,cliente
231,Simone,Conti,simoneconti223,GKeQJa99pfEJsb6An5YtOA==:eUlnccCgv84vV+wlwL08RHIiu0BbQR0T5R9y1m85p28=,,Milano,cliente
232,Elena,Romano,elenaromano224,OGRtKM92WZqp5N9WVcXkfQ==:AlYYWimpkKZja4SWLTRpsD2+f16fdX2z/DdkYLCQXi4=,,Monza,cliente
233,Laura,Ricci,lauraricci225,2hgk59OaXEYKMK4+X9UR/g==:3cO1fydbigKeWye8n6WUAmLoa3EJSH4I9jGVoORFyiA=,,Varese,cliente
234,Andrea,Bianchi,andreabianchi226,npwbuESzkCIG+mJ4UZTdOw==:7mMK3COCLIucgdT0ekARilqqVPO8XQlKPXr5N1SOMZg=,,Como,cliente
235,Chiara,Bruno,chiarabruno227,Eg8ZPlQcAOZhJI7JpjUE1Q==:ngFte9xOj/aNOShO3om0iQC7o4cUN/ydq4CHpTkoG6g=,,Bergamo,cliente
236,Elena,Greco,elenagreco228,jv4utl0jGhVAs2K1K638Sg==:6YMOozBEGYSBlDEtk2bWCY1zDvNqnVLm1tn1mmfci5w=,,Varese,cliente
237,Matteo,Colombo,matteocolombo229,+rEzfII83jrO5kX9zRdhrA==:CvQttxp+iaO2HL4R17d5NhZHG4RAmvi0aajjFQcXS+k=,,Bergamo,cliente
238,Chiara,Bianchi,chiarabianchi230,wOHbLINs7OGahLMKP9ORHQ==:TBxzUiYEf8ByibrT8a3bBvIFoaVkb7uD9DEzMc0efKY=,,Milano,cliente
239,Sara,Ricci,sararicci231,0UEtyGrGot7TSgYspywI4w==:hy79VxjrZ8Ga1y6ljTuFZszC2IXTWt+epBeuWZyAaAk=,,Milano,cliente
240,Andrea,Bianchi,andreabianchi232,Be1GKJ8anaVTXr9Vn2cL3w==:Pa/R6lZd1gGpAx/Zc7mVVA7ouoMMXw9c2sfg/+pomro=,,Como,cliente
241,Luca,Ricci,lucaricci233,Enj7Oo8objaLnE6elBKGkg==:24kjUbdZr4BDapP/m16n4jwK3J3FnlJHlatdOEtPnX4=,,Como,cliente
242,Simone,Fontana,simonefontana234,r4qJe+cBdMMOhf3dZ9QxrA==:fcrGicNyyZ+gP0aG/+V6adFf4jWXWI2bj6QObTlrdyg=,,Varese,cliente
243,Davide,Conti,davideconti235,NV1/X7c9Pj5qrsewIUt9EA==:1v29yBGA9FG3URx7Ybn4ZFYM85VIyFs9vR8mxOg22R8=,,Varese,cliente
244,Matteo,Esposito,matteoesposito236,T4FbqCnuT/x0suri/3eLSw==:Zpj3JuUBuTfM0NfRuhcMjXs54iQdZwGbJq1pT8gvGyw=,,Bergamo,cliente
245,Marco,Ricci,marcoricci237,q+ZY1284kXJhd7BEv69EKw==:ja+/ob0H+iCDZ1Ak/JhtiISpcAL4i3hQyQNenlGHQZM=,,Varese,cliente
246,Sara,Greco,saragreco238,pEhQw/zr5sqD8SDzYCMu9Q==:NLvlqVipwrLQuCeZTvudwKM5E2f950dM4Z0UF66Epy8=,,Como,cliente
247,Luca,Fontana,lucafontana239,pFBaDp0NlhA1w+AMdzgerQ==:JJURtgw+JOoYXhzKAuFJFZ8dSZc+7Oo5jqCf86ZDguM=,,Como,cliente
248,Luca,Gallo,lucagallo240,iqnYQIWDLMGsA/Nl077gmQ==:K+O8nc7VQqpTuZocPy4jimYTp8c9pkgWNGkpZ04nwa8=,,Bergamo,cliente
249,Giorgia,Russo,giorgiarusso241,WznDVb7dEUkhEBeo+jQ9yQ==:mk5WTZIjj51UMLz0pAj7BkGHh1lh3m2+vZt3kRi6aow=,,Bergamo,cliente
250,Anna,Marino,annamarino242,YnPxMaDQ7h9GX9yMuKzF3A==:Ze7fF1eIaWSYrXrOQRxQHCB/OV6Ymy2J6y+jPc81FwY=,,Como,cliente
251,Giorgia,Romano,giorgiaromano243,ug8FRZGSN0uXHua6Wi3hjg==:171EnGSg542WCIFsmiUH+jBXChOKayGng8P6j+UeXrE=,,Varese,cliente
252,Simone,Conti,simoneconti244,BahyE3FggrioyHPwmG0W6w==:3fj9hgBzsf+Rz5KlQFIlHuycCS0yl/bRH0bKV51ISWs=,,Milano,cliente
253,Chiara,Ricci,chiararicci245,T+eP2tkk7WXX6+DUJvXz3g==:MpG8riHm0CrvEbibwo6Jf9zEgkg11XhjAW8PbqhotU0=,,Bergamo,cliente
254,Marco,Conti,marcoconti246,FwRhhwaQYMdeBw2LpOBi+w==:16N0gZBBXhKbSikfP3FPnvzEj9AcS6sy/HtEIMzWTKQ=,,Varese,cliente
255,Sara,Rossi,sararossi247,95CTt3Wa5+tqJYYgXuIQzw==:A5w12TtVKcMU9CsyM65mkQUOS0818VIQxUidQbIsGeU=,,Monza,cliente
256,Laura,Ricci,lauraricci248,eFSqmUlBr4twNNE6MvSWYQ==:MqUI1hnofx+VgDHmuQqbTS68IX9YvREsGZ3J8iZ1Aa4=,,Varese,cliente
257,Luca,Romano,lucaromano249,rPueWzfSAUh/C3ez5OocJw==:aRJiWQAUg0pZl801ihSu3pnIZnzPD2kE69b4oEUquzs=,,Monza,cliente
258,Elena,Bruno,elenabruno250,cICAwPeX0pVB4wv631yL1g==:7LVKkLDDIaGzdELlcDiheaGg8RiZIm2zlKrrNGYXnOc=,,Como,cliente
259,Simone,Bruno,simonebruno251,MIKNLB3d4180DvETar3uDA==:/KqLTSd6kWkVVJZvtpc3aWGz2jWe1igyFfMwjtdGcNw=,,Bergamo,cliente
260,Paolo,Russo,paolorusso252,ipSaeXfjZkGU7sStXHleLQ==:nctbQoYxEmS3O8nNDi7OeGj97kack1KxnoO1PH16ZLI=,,Monza,cliente
261,Simone,Fontana,simonefontana253,YA+PxkgKc9x+p/CasKKOVA==:E22a7CWJe1VL4wbouQ9PXDRL7KTfnOpOKkMJj+y9L8g=,,Milano,cliente
262,Davide,Rossi,daviderossi254,/smIZM0pAjrMFqqrrDHeZg==:YA1Qh8RC6zMHCCCAJ1SuT01v27FdLmVHtG4J97Qt2mE=,,Como,cliente
263,Giulia,Russo,giuliarusso255,jJqpfNyaPYeyl0sxtvvzUQ==:Bdcfe9Qqy0WgAxQJmyvN79GhO4LySm9XGCWRMpWgeEk=,,Milano,cliente
264,Luca,Conti,lucaconti256,iEcVyNA5RzJW2ta1EQ7c5g==:AXqGWDRS+qRUHWznojLdj3DJ+9k6QBsNKHYK+Aej5wk=,,Varese,cliente
265,Francesca,Fontana,francescafontana257,1u0MbiHZ7FSxuqZBAgqgcQ==:c1fC4ZZfSmr6hQ9szTbxltyGISxvfDqZgWaY6ug6Bqo=,,Milano,cliente
266,Elena,Bianchi,elenabianchi258,ZxWbjOQzXBGgKALcGxQE5w==:iePnGx1GQxGDPJ3qjgHxBLbj/4PXC4NEGiTzCzlg5vA=,,Varese,cliente
267,Alessio,Romano,alessioromano259,KqmeSMx1viuBEmAGuvwutw==:lJofRakG3A5FGg9/AP4ttol0fTxcdRsPLSwPGVhS5ss=,,Varese,cliente
268,Marco,Rossi,marcorossi260,xQDWA0xFfQVfWiuYGI0ddQ==:9RGsVI7jCTZPQJnX9K+4Fhz/5NfAduQpIevCD2qEw9A=,,Monza,cliente
269,Sara,Marino,saramarino261,Ug0q7jiu2lH54leacwzxlQ==:1pIpzcGo+tjbUK8HBJ7xYbGgXSW94g427DPSEaS+Gbc=,,Monza,cliente
270,Luca,Conti,lucaconti262,l3WBIORQezVSWuXicXjlsg==:2sPkibrWg2ZzMnaIJ3v7QNUgLSsLq+EiIG5l2Yz7L9c=,,Monza,cliente
271,Davide,Conti,davideconti263,VtC0X6bL+GP9AnnLFTUNYA==:4IkuSI+INeyLX0J9QCE4w9FqSMr1MKEuy/SVVRDesuo=,,Milano,cliente
272,Giorgia,Rossi,giorgiarossi264,AIcSM/WGADkYlAiwDcMLUw==:ysyAQ1ocN+DQynpAxT3m/awnunJ3IYXUhbAWyiq1wJ0=,,Como,cliente
273,Andrea,Russo,andrearusso265,zIek9y9aE3OBSQ8HIwy/ew==:tb9CiSddFnfGYviRCsMXZevbYPm6LHh316zPYzOfyAc=,,Bergamo,cliente
274,Matteo,Gallo,matteogallo266,n9CPFXEJ79+VG1H9PZibLg==:mZCvZMqV28TAPBZlrie0/IgU9iCtuxXl/dkgO1vl0+k=,,Bergamo,cliente
275,Francesca,Gallo,francescagallo267,JKnbAb+/HaQOaThHTs48rQ==:rH8b6j6rJCbOfNB8CUE4pQ/zq6pvo5LvQ5n2GnH2PYE=,,Milano,cliente
276,Andrea,Ricci,andrearicci268,MKf1KjnT0lMriqOevs4YGw==:0LuAGy8//UOQ1jLzpNf8RgLtipojL8sl3LwF7N69UO0=,,Varese,cliente
277,Luca,Bruno,lucabruno269,rx9JRF+KBU47FRhT1QHAlw==:lnCTrx8UdmgBiRzlJjGFzgcQ2jfLm13yEOOGbAwMkb8=,,Como,cliente
278,Elena,Verdi,elenaverdi270,DqbrHBd2HZnQuIy0TyOa7A==:ZAIHf97yYROSya97j6oKQyGANrZxckAwgMtruEmm4Ds=,,Como,cliente
279,Paolo,Romano,paoloromano271,eMIo2y5EgV0+E3NDKKo++g==:evgrwmzgXoPLTwgENLfTmttPARaaOr3EkiQM49WCKRI=,,Monza,cliente
280,Paolo,Conti,paoloconti272,NdMxAqYS6XPogONu/VeEsw==:CFnu8E+VzpYgcpL8JdnqwMLmYoGj8tExX5rCzIZ/EdE=,,Bergamo,cliente
281,Luca,Ricci,lucaricci273,Eostn9071sGyLcbWURHrpw==:F0OieT8lMIsODR59PltE5FwM/Se7k+38A3gILIs49Q0=,,Milano,cliente
282,Anna,Fontana,annafontana274,PXSIwOuER7+V1806iR8LYg==:i2qrVLKBB7tfPN0gPF9GGrxTGKnuFvdOs4uzcQ2L1yM=,,Varese,cliente
283,Anna,Ricci,annaricci275,fcTnlvTznq/GCgou0JpBOw==:7PzDetYx9mrcVDjjekBJU4Af7Ii+cpAPK3+x/vboEm4=,,Varese,cliente
284,Anna,Gallo,annagallo276,k1vGeWAWb7gyi5r5Ockuyw==:wcOM8zLNpbJ/+GUC6wolDueYNUmvRxD/Dx1UlhgNXSs=,,Varese,cliente
285,Luca,Bruno,lucabruno277,AEJs150HVcudWUR30czM3w==:/Kpc92F8scNQJNIOoFZqGgvJ597aMCjnX7fjVGhE65I=,,Varese,cliente
286,Anna,Colombo,annacolombo278,Q3SLsbJyE36vzbvNE/cMgA==:H87dARHER8pFCmm7uToGEhT61KM41//U4SObLJAQ81U=,,Bergamo,cliente
287,Giorgia,Bruno,giorgiabruno279,RuKXk6RCVtVLWWzMthOeiw==:WKgSHf/P04KwtApAx4qVuh9YdZgtvBS4LEVJYwcdXf8=,,Como,cliente
288,Luca,Romano,lucaromano280,J8t+ohpkvNzfuCCMYI9ztg==:XSeuqa9P3tGQl8r84i43dduIOqQ4wlpAUQ+9JATlpF8=,,Milano,cliente
289,Simone,Bruno,simonebruno281,AIWsZbKRb//wEDuF8U4egA==:gtMsK47f9OOrGjOhKkEpnOG+5gaXwQsLYdLGvFsheQo=,,Como,cliente
290,Giorgia,Ferrari,giorgiaferrari282,gXHO8xyvT2l+N1NCZcqCdg==:X9UwDT9/63fE8uFg6qXHPcHVAneHaqUx5K9e3tQRmi4=,,Bergamo,cliente
291,Elena,Greco,elenagreco283,glAfzLlbKIy8yo2fJg81kQ==:cH5t3wNQLmLjjBp/AeRaWNOV+NoGXcD0GtsRHPc5oWo=,,Monza,cliente
292,Giorgia,Esposito,giorgiaesposito284,hP/jg6r5DAz8vCJDnH+NXg==:17MyrZi79Ejyd6C5XUephQVGyOb+D6DR5OmVjGyHoyo=,,Varese,cliente
293,Elena,Esposito,elenaesposito285,J7Ya5bGj/dW7Rg8EuyOdcA==:4kEUtnNSvvo4UvdrAK+BfLNufV/biheTQJ2fXDgfYdE=,,Como,cliente
294,Anna,Fontana,annafontana286,SezGQKSQjmJiRZBoh9J4iw==:Yb1fxgJUxCaM1Yx99JyxbB/FXoMJL2DyM6qSHGqKNbw=,,Monza,cliente
295,Giulia,Romano,giuliaromano287,oiZhwFCyOr9Y32gmIK2n5g==:9tcFzKEFeXW0j2ub9SEdLuxTHoOfMr/6VhyLiS5HX4g=,,Milano,cliente
296,Alessio,Marino,alessiomarino288,THGBfCZgz7JegSLVUKK1iQ==:C98peXd3gsiHIlGsh4BwO/Jgzds+cSWLsYAlTDmfhQM=,,Milano,cliente
297,Francesca,Greco,francescagreco289,ms9NInSqEGm1kUbAKOVq6Q==:zQBZTLlb9GWEAonf9oF+EELtNegtMXvcpN1DEcmZq4o=,,Bergamo,cliente
298,Sara,Bruno,sarabruno290,N7JaoXcgm9H1Y35IYFuVuQ==:YPWACZGr5bPXES4Q0xSec2iiOH2vc5KZ4hp8D+vZ1II=,,Monza,cliente
299,Giorgia,Verdi,giorgiaverdi291,bb0IGu0BB6ByWhbz4Az7AA==:XqZXY0tix5LGgWleQYQHkVfbwfqL+akBXC0OkSUp054=,,Bergamo,cliente
300,Alessio,Conti,alessioconti292,DbNmCiCOkuY3RGq0ldpJ2w==:WOk0Ln1bC12wWEUunrvJ5EOZv0gtg3hWIM8Plgf/4FI=,,Como,cliente
301,Laura,Verdi,lauraverdi293,eMCMOGB5TAF2rM+DO2qBhg==:wMTQGpgLCpbich0/gY+T5HKzlATnFgWy06KdkOgGMjg=,,Milano,cliente
302,Elena,Fontana,elenafontana294,Mob4o4J2LKyc58PW32PF2w==:581ajq0jJY+D/WepzJeqsW8FnrAqGtQ1eEdX71yHtDk=,,Milano,cliente
303,Andrea,Colombo,andreacolombo295,7cOabLZ93pOPNaG1dIXz+Q==:mlE7666ip7XbLWjdssIHmK32S7oqzTj/B4O/7o3L670=,,Milano,cliente
304,Luca,Bruno,lucabruno296,XRj6Od9WtKmHdnQQIKHbcQ==:rrq1YZRdZ68vm4BJC+cub9CHgsuRTxa65WYkf2kADys=,,Bergamo,cliente
305,Giorgia,Colombo,giorgiacolombo297,3OEomfeS1LGbYcFN2d74iQ==:cOKEujc4lEubINn1vILCRx+Fy4/2onWI4eCfmoLmT5I=,,Como,cliente
306,Paolo,Rossi,paolorossi298,9/1L4PqQ1Q1Oko9p1/Sizw==:mjnUAwDlEc/oD7dIl7dsRINrf4bHJfrRhrMHJFul0f0=,,Como,cliente
307,Giorgia,Greco,giorgiagreco299,0JqxUAn2WyWhNKuEDcTjrQ==:MY12gR+y+L37VPjciJapig9stFJr+RWeGst80Rxde+M=,,Bergamo,cliente
308,Francesca,Romano,francescaromano300,tl+8c+8oEPZRbfXyoxTeyA==:W/v/iidr5sX2806DOaazWqDFWRN6tR/XP9M1Y5RQ/h4=,,Como,cliente
309,Giulia,Russo,giuliarusso301,/K4kA6FfOpkaGacWFwmK3A==:O9KpixTWfnNP1Q7LXl35rhTI1tSxTngWGvSDWmZr/5w=,,Milano,cliente
310,Chiara,Verdi,chiaraverdi302,jZZR4xWI4OC6M39yRLrFSg==:eYJrfuTFrRJygrFDkOm9uPgm/3r2gRmXOySnLTMKGPw=,,Bergamo,cliente
311,Matteo,Esposito,matteoesposito303,97YoMG/iD107MhGjW0Demg==:jgE7PGoHT/7HA7kY9OEwDXxUQpc7Zx6izFe6rxxNqUI=,,Monza,cliente
312,Andrea,Gallo,andreagallo304,GGNH9ZxPwBj8Ilnw+TaYew==:pNCzY0zt+pDwUsTDj++sMAnfMpjqcG9kf2/lG4Gtp9M=,,Milano,cliente
313,Francesca,Rossi,francescarossi305,pP1usakhqyfaft+iGd+pkQ==:RVsZVi8XKDyho/6d75z6ry7rPIlm7Yx8zts8d9iM/CU=,,Varese,cliente
314,Elena,Ricci,elenaricci306,UQIyJewVS9o4HiEjDxWr8Q==:+3aXgS+IuL196+AsAo7kF/Z86lHrjNDc2ZWJcRuEnjY=,,Monza,cliente
315,Paolo,Bruno,paolobruno307,/xOhwIPZ9nkQY9iktY+Qmw==:KTty62s86a/L4tbyijwuzzitya8+eJq8QSco3H690x0=,,Milano,cliente
316,Davide,Ricci,davidericci308,NCBZwL91oEf5izxll+0CRg==:9aUqao9bf4OAAKxSyjDFsP8YWme87Tlccq9ida5xQjg=,,Bergamo,cliente
317,Anna,Rossi,annarossi309,wlwxB+ByRW8/JJzY++BIPQ==:ySdJtJoMXtZIX8AkXuwrsWvnCYtGwrY86WomY/ra2AM=,,Como,cliente
318,Simone,Greco,simonegreco310,/qXDPdeH5RBwuJntTNE15Q==:XYLTjYtH4uoMF4iEFPGDuvnkNmUaeDU7f2S4AQoDH8w=,,Como,cliente
319,Chiara,Ferrari,chiaraferrari311,bZrnXZLXq3ZKBr9hNgPVXA==:wIM6be+4DsZKs9On2VviyKL7bZesp3AUr9dXXC71K/Q=,,Bergamo,cliente
320,Luca,Marino,lucamarino312,Ro+DqDgIKP0oM0z4+SaY7Q==:ZobbTMSsnFXV6/gWaAlIjArxBP/LHiwC07uylMiNw8Q=,,Milano,cliente
321,Simone,Ricci,simonericci313,KCrln+nBxfl9GVNZZZeUNQ==:PiKbMvHlZzUOB2vmoE4Hfz3eQ5WprYWM9LWGlQlhEb0=,,Como,cliente
322,Simone,Bruno,simonebruno314,p9pzJ3cO6oAHDcih3s0CDg==:aCU5rk+zkBuBM56qoxp449su3ZIoerFf2ETJk+sH1gw=,,Bergamo,cliente
323,Simone,Bianchi,simonebianchi315,W3Ds7i/D529XOWn5ZtmCfQ==:DcBjEVZ0UlQFXG8NG7mZcT19fSCSc9mCyoxUKwwz5eE=,,Milano,cliente
324,Giulia,Bruno,giuliabruno316,a0RIkBAN/OxTb4Q+48nGLQ==:4YSFZaTkanXoH/WjPS+NhA75H3aBKEu/KF1slxuvR9k=,,Bergamo,cliente
325,Chiara,Esposito,chiaraesposito317,Glk/+bche4Na2x+ZG+xESg==:tMkWg325o9ZQwrpLZgTQL02mojwhenImqnVqgfh9kio=,,Monza,cliente
326,Luca,Colombo,lucacolombo318,itesAZyHG3mt3qrmym/oSw==:gBk90+qmfxzae+iMZ56F9jboMmN6woPrvkjWKCNl798=,,Monza,cliente
327,Davide,Ferrari,davideferrari319,74O+UrQYh1lKpWT2RQb+bQ==:Gb8GoUQgWUbcDRKSMGEV6Jz37OQOHFVJfCD059cH8rM=,,Milano,cliente
328,Matteo,Esposito,matteoesposito320,cer2JW55FOoNZl4bZFhNOQ==:NyQ08n8rP0mOnWgEftUw84/fwu4Dcq6K4F/MPJIDKKU=,,Como,cliente
329,Elena,Marino,elenamarino321,ns6cAYmuqi53cc5BnN133A==:HRAnGgyf9uboPUW5Bip2k6I0CP4d1e88Zj1NUE+zV5o=,,Varese,cliente
330,Marco,Marino,marcomarino322,HSF0pXJWosqMvq8GdNuhOg==:b9Un6puNL34j2Du7FGCNu+T8ZIf/7sJaNZF+5UiT/Ag=,,Como,cliente
331,Francesca,Ferrari,francescaferrari323,NwiCf8eqmSHlW5c7fKOB+A==:3hOh8zxN7+wUJzX7VUiAvCwhiKNeZurPPXupZCaoD8g=,,Milano,cliente
332,Luca,Bruno,lucabruno324,DrMi/ZcdMgkO+GUlZnUWcA==:H+80/QxVhRIkAPBB4v+xobboFSdrOIc84nm1tQPit5Q=,,Como,cliente
333,Giorgia,Greco,giorgiagreco325,6YQD4BdYjyYnbMwpWMWr6w==:2jB7HdbNEILtIkHHwj8BkK5JRHBYIFirURDuop7/Orw=,,Varese,cliente
334,Marco,Fontana,marcofontana326,NLFect+c3ktS5IZT+nNrPg==:3W4uf2ewbUi6RjE4aL1QBMZ3keT+WBvFjD9/YaCOmL8=,,Monza,cliente
335,Giulia,Romano,giuliaromano327,cWSMm1jr+PVyH6/vPt6BMw==:jjd/vyEtGA+1CehsEGn3Bne87V+Y9a3qG5dCDUGWPUk=,,Bergamo,cliente
336,Paolo,Rossi,paolorossi328,+aFOU8oxqaFHuBE/vcPCtQ==:esKrGhvNqVSFjVOokkxHPXNNtUpiZc/ZOX+X7iYa6BM=,,Como,cliente
337,Andrea,Fontana,andreafontana329,7THBwNfVOE/QuO3sp/P/XQ==:iFcvgi7wlIDUf4QAyOS9KlCiCIMqafxWqJHRw58tD0o=,,Como,cliente
338,Francesca,Gallo,francescagallo330,HbzhYeFiPD2XcxGJpuYQ8Q==:EGMmHECPVo42u6K5dp4DU/pX4IZ3ankog0itREYA/uk=,,Bergamo,cliente
339,Simone,Rossi,simonerossi331,e+LKQXSLZztJyh5u3t4DHg==:o86UeVmi6KXHlNHK6Ofet+iad2oKtZN+KacOG1HDTsE=,,Varese,cliente
340,Andrea,Ricci,andrearicci332,Fj6zee2kyQfpnq/NYiBBeA==:d5c/T8uYwnLiKqA0bpyBQ4pIsQZD7SlHDMYmOuoFQ3A=,,Milano,cliente
341,Davide,Verdi,davideverdi333,tr584MQdVagGZhfKs1USNA==:/EkSrCdkPB+vgWNXL8LI6Eay0+pNI4CLkzOZCWgOLmo=,,Bergamo,cliente
342,Alessio,Marino,alessiomarino334,6IMPEoCNfCCxJ3zI46XocA==:uZ5CZHklmvVNXSxt6GwPD+UTljJBd/XPoyCpKIfMPCg=,,Bergamo,cliente
343,Andrea,Esposito,andreaesposito335,3bw2QiAPmyylLFKe0UyEDg==:oXBZpIiGwmWXXqdamkHP1bhEEEuoydsSZ95M/qwqUQg=,,Milano,cliente
344,Laura,Greco,lauragreco336,/Ec+b8JzJ8MC00+VKacP7A==:PadX/AsAy8c8RShTWESb6i2QnujrU3EOHuDD7jlvUxY=,,Monza,cliente
345,Sara,Rossi,sararossi337,O/xE794xf6O6JsIoq98shw==:6dK4Qain8Bsp5kHPofsjLKxysCGJPaNA0eN1S4VuTfc=,,Monza,cliente
346,Marco,Esposito,marcoesposito338,IJgbaj4LzAmPXmVo80e4YQ==:5ME70KRMDOX9FVNokcBK/gHGH0W9y4tNjx6QTtkcU5s=,,Como,cliente
347,Chiara,Marino,chiaramarino339,URXKdohWWqTCcKv6gO2GCA==:2vvPbc8b7MZXXdiPLaB4yRAdI6sulVYYRYtICO+ia7s=,,Varese,cliente
348,Laura,Conti,lauraconti340,XRfjEC5y/jDDVX9PL7cuDg==:2I3apT8d6ENk3f8e/ahU+TFM0bCuiHUDZuVyZazOfXI=,,Bergamo,cliente
349,Elena,Fontana,elenafontana341,ZaBtdth2AKymETj54b7bWg==:XTMD9Iijyl8YEc8xR5/7/6RigoakFjlIFslNbikzkmA=,,Varese,cliente
350,Alessio,Rossi,alessiorossi342,dg8i0YkSfZ+t5CWN0nY0MQ==:FfbkT03ljHIU/GXgmyAkGyW0wPF+Ke81APtVGS3WQaM=,,Milano,cliente
351,Giorgia,Verdi,giorgiaverdi343,uUWXcmyXE2O6emoKx2bfkg==:zDYqah2oJ1Z6xF0BqsFvUKKhzjf1+ZveGCSQ0wCYU4A=,,Como,cliente
352,Luca,Colombo,lucacolombo344,ls3mwYIUEBqm6WUXpbR+0g==:+2V8FqXtw8RqTcgd1eH+hNzNagTuEZH+8gFaARU6DSU=,,Monza,cliente
353,Laura,Fontana,laurafontana345,ZpaJKKHTWd4yeMIG+U16nw==:W8jpWGEm5qssodta2+kQp9ebFTn97/jMnakeb/2PP7I=,,Varese,cliente
354,Elena,Conti,elenaconti346,C+NrkI1pFLOXRsDPhvkYug==:fudnrca8Lp29MZova8mdUukisjrX/i3zj8dHSNGEQ70=,,Como,cliente
355,Andrea,Colombo,andreacolombo347,2G6MbWke4s2VULlz9mnbyA==:ek6B/AgiRoDAc1NEK5tZNRpOE/zSj/ei5oBq9QmmH/A=,,Bergamo,cliente
356,Francesca,Romano,francescaromano348,aP3cH0PYSAwLYFa7FMeLxw==:IJax3tgp3Vo7pMdT3DjKemhf/TbVTXAEfSDfwh0Wuvo=,,Como,cliente
357,Giorgia,Verdi,giorgiaverdi349,Zcc/zUtpKghZMveMtSgbYg==:WpznG4Xce+8IeZzIvJPSosR/0HaZr1aPQQP5XEghw9c=,,Varese,cliente
358,Marco,Fontana,marcofontana350,j0Xz4aGdfCHax729rvMMzQ==:p6lrXvklRvY6gA1h2zuo0JGG78yFOq0xMFWFaJ6V448=,,Varese,cliente
359,Matteo,Esposito,matteoesposito351,pG7nc4jNrKNnlbeQFGHD1g==:Oea2xNKTHHKzFBIxqByWga+dBt0dYmIOWsH5y0D906U=,,Como,cliente
360,Alessio,Esposito,alessioesposito352,ddLYzPTyrsF/+ofJrdjaAA==:zyp871JfVyA17m0+xsqsU5OX9ygK8APwitrQw+4TfXM=,,Monza,cliente
361,Davide,Colombo,davidecolombo353,inWuFyfuWAcMeWuewkNPoQ==:fCrvULrlMX0eWz85ek4PZ46QENFkHoZFKIhEqVUIC6Y=,,Varese,cliente
362,Giulia,Verdi,giuliaverdi354,7uvhNez6PXkVDXL9l9SEIw==:7dWoc+N9BfbXaGNOSt7pf8yhwCF5zh5SQRaN4tDbx8c=,,Monza,cliente
363,Andrea,Conti,andreaconti355,cpFE0TW7+4uyhfocEmXQRg==:FZg/dvEpUENvnm6hpGxc1nnIQy7KV3cK2P2/k3zwDJQ=,,Bergamo,cliente
364,Giorgia,Gallo,giorgiagallo356,nHAOZnD1vh4eroXLNMKZFw==:ELzYh9bSjhbF9Qgx+95DS+aEoMLOSFuz79gHys2hUrg=,,Varese,cliente
365,Sara,Russo,sararusso357,/hTcNBf1nPwJ4FrUL1hgUA==:S/R2Q0FbH0GwPUUkZZBy7e+z5YqnGoFwZoGgodfq60w=,,Monza,cliente
366,Andrea,Conti,andreaconti358,H2HDkO7FpBUx0/TTsZqyZQ==:0V8ovx3oVeV/fkEsF/RPpUsAKp7cMdlcjUcdhmgbzbg=,,Milano,cliente
367,Sara,Marino,saramarino359,HhcE5MpUDI2SSCjEa+tZqQ==:gvsf+iwjjiCSwFc/pT3wS0GO1tE5hCDuMfedjyV6rQA=,,Como,cliente
368,Alessio,Gallo,alessiogallo360,gMe4a8Gna+raTpZDICOklQ==:iFk2+GO836gvHp/t1GHg3mdfuiDIOhMQMDn1FZKdFM4=,,Como,cliente
369,Giorgia,Verdi,giorgiaverdi361,jTynEV959WrC4gJx/bXjPg==:qzMXOAP5ODrZ0L79xbDginKmtk3PlmPG7jPYk8MZ0k0=,,Milano,cliente
370,Simone,Verdi,simoneverdi362,+4J8alwrjyXfO5U+GYz8HA==:WuMBy+ofbIUHY36DAz+Lxq7+5GshT90v7M5jeO2xHJ8=,,Milano,cliente
371,Giorgia,Colombo,giorgiacolombo363,jasy5JWZWWlTZerWdUdLCA==:RMvO6OLYw0BVfdTMsQmAu0PqaoCtmV7HFEHNw8Aar0s=,,Como,cliente
372,Anna,Ricci,annaricci364,b5YSX2/c/6pxzIg9fn+qKQ==:3ggs02guRtzryoxnPEjdFTgdDXSmkRPFa4kMPWLdhUY=,,Milano,cliente
373,Alessio,Bruno,alessiobruno365,Cr+PJ9C4WaANs/pTSKK5kg==:t093EQcsSrRxSWyXJjvZlWL6vzvd0gtvb4j8dZDlbAI=,,Bergamo,cliente
374,Simone,Colombo,simonecolombo366,drhKF+XkbFYcajNtnjrkVg==:uJAY6xEM1YZVvKTTgTKXZxb4sewbnPMJ9cAtisN/Y58=,,Monza,cliente
375,Simone,Greco,simonegreco367,+wAY9qIm9+qICOx6qFWu6g==:HWgC/f618i6DhfI84WHKgJEw+K+uESCM+ivSUQhMO6M=,,Monza,cliente
376,Marco,Bruno,marcobruno368,4GcWoDDO0lX7w6eGVDU+UQ==:TcNXXNrfp26xQM8DWD69zSM6xicOOVS2zSROz0oxX9w=,,Monza,cliente
377,Marco,Fontana,marcofontana369,5qMCaZUBwmH6DqLMBN2cXg==:RgRi/XPx7kawhmAMfkicpJilYkXvHXW+YGXO3g5P7Pc=,,Varese,cliente
378,Chiara,Bruno,chiarabruno370,TdFu35bpbdFF0ESfEFB4og==:g0rujpH0sfXpHYsIapxfRBC+hHS4KaJZSJsv3P2kYwk=,,Monza,cliente
379,Chiara,Conti,chiaraconti371,2ALPDkOya/MC5w4haoTkgw==:/2YiiY1bTCpzkoEOm/xXeYwEPrmpxm/082dX9KcTEZM=,,Varese,cliente
380,Chiara,Romano,chiararomano372,2b1JyDhggRQZD69O6tI/Ig==:U7i+y+jiiHyqTphemIYY7EEb9/IQ4xCnBZWF75xwBEQ=,,Bergamo,cliente
381,Giorgia,Greco,giorgiagreco373,dQkQlpQlB20I5w2gpk65oQ==:hw0fAxtMNrqUrvQSiBnCIOWXV/FBqfAWuKXRxW52T1Y=,,Varese,cliente
382,Giulia,Esposito,giuliaesposito374,SYOhqFXFvNUx8lhLzfXyYw==:bXr8VCoO4lyD3UU1h8gBx7MsfImPC2jLwFw1W8r9i9c=,,Monza,cliente
383,Giulia,Russo,giuliarusso375,kOk63mCzeVYr7k4vh1WTjA==:gXssjkQvpOnY/1s5UdV5VOudgvnQ9Ln4qqYjIIxE7BM=,,Monza,cliente
384,Andrea,Colombo,andreacolombo376,R/ttwjPonpXVmXcG4dC9hw==:S4Ec7e55s3SUbA9seWdlpDNHmA8DWX4PcI8Ktml+tSI=,,Varese,cliente
385,Davide,Esposito,davideesposito377,13Pfkobaq+T8yp4NnAAOEw==:r02Nc49+IKMzgyG7Xg2x9XAU92eyT1475vBvocnARzw=,,Como,cliente
386,Paolo,Fontana,paolofontana378,vtoKxxCQL7xujRkfM3JhtA==:7uU3ZAnoMq6xfNCnC3w0CLg+fdOicvC5PlIYKApRPuU=,,Milano,cliente
387,Luca,Bianchi,lucabianchi379,MJw9VacnztxTkGK1sVHNmw==:S6ZkcWf3Xg6Jaq7qOPRFy9kL6BkHF+VbmRfALxh1Xxw=,,Como,cliente
388,Davide,Bruno,davidebruno380,D4zb6b+M0OzizxiR7HnGmA==:Waq2aHuuZOSiBke1nWJkohdScoX73RaNb0ldmbJXRmk=,,Como,cliente
389,Alessio,Ricci,alessioricci381,gRG2mmeukfpb0FNJBelckQ==:mlW7NOSyREchF44MtU+UHqMsOPifczJ9YKEsJMxx7QQ=,,Varese,cliente
390,Davide,Gallo,davidegallo382,1C7Knnvy5t7BGwO4BhF2hQ==:ZVviG97kqer/4E5Jx5Ax7OcfJfUba1d4EUN+pKkoGIY=,,Bergamo,cliente
391,Alessio,Romano,alessioromano383,jEzgDO9OAmbyuFmr1NjU4w==:ATSUDNziISG50xXEa35tWJd7CMydqEtJ0t2lcTPHLf4=,,Monza,cliente
392,Luca,Conti,lucaconti384,usuc/5CFvlYQ0vb1ab9AkQ==:zahrS2k0YgQnLHp+d+vxSPbMe9UFILScHQLOW9xRSyo=,,Bergamo,cliente
393,Paolo,Ricci,paoloricci385,XjTCNYdd5cz/56BB/P03oA==:tr6z72/XuO1KjgrB96HIYRvxkWWgs/XrNiupdz0zpiI=,,Bergamo,cliente
394,Giulia,Marino,giuliamarino386,er0JTtee5Qo7ck2sWP1pcg==:Y7EVnCiHCMBT0i6Q5mKlUWMzrXjXPcC6Q+xWQHh5xww=,,Como,cliente
395,Elena,Bianchi,elenabianchi387,vIuZj32X0oueXNv4aXsa3A==:6uq4YMCoeyvCdmm6DwnM5IeB8unCaxnI0179ndYNFxc=,,Monza,cliente
396,Chiara,Marino,chiaramarino388,qAQ3YxpnvgM0MdgmMU7ktA==:WbfzZ4+wO24wm4N7hVpWkVYKI12D0ObSZ5LVnWi4+cA=,,Monza,cliente
397,Sara,Ricci,sararicci389,k7usiYlUowlieWIxZO71Gw==:vh0VpjgdpyWe0T4pMhIx1QYkflBW6LykF7Dq1z5nqmg=,,Como,cliente
398,Chiara,Rossi,chiararossi390,eF9p+shNZKUK2WFR/hAo9A==:O5wEnwV3LoET/d6FA7V9A6A500jAXBqyy6sVRwG5deU=,,Milano,cliente
399,Marco,Gallo,marcogallo391,ijzgnG4w07g/MaNHrI7NgQ==:NX9P+GCa1GCtRzDaDVswhZJ2aZJmdPoMwnExoi7K0Zk=,,Como,cliente
400,Marco,Russo,marcorusso392,dhslC0PG6jC4EZX16Y0Y4w==:fNTYRPLder35rEnRVDJCnU6SAmFCtUfEZDZhKVGNLI0=,,Monza,cliente
401,Chiara,Fontana,chiarafontana393,ARNx7YuZj5C3NlHi+K+7yA==:4s785jfSFe4b8v6Tm3+8qSaak7EpatmqN3L7vSx6fpc=,,Varese,cliente
402,Paolo,Romano,paoloromano394,MK36uNU9x0UDqqc6skLd2w==:eFYvwe7wAUJHl/UGR+tRuYca1G6eZ3PH0uOQYug7Puo=,,Milano,cliente
403,Chiara,Greco,chiaragreco395,oIv8jkPpLI1swtuJzas2bg==:jgFPwSEAuCnPOLgJSyHjr1mIsWG0V5YE1FFyHdtav8Y=,,Milano,cliente
404,Luca,Russo,lucarusso396,A13td5q139m+7sI9GN6l0A==:9NtVMeCd1Y9+BPopZxCsjnvSyquFvMQxArEv3jEF1/8=,,Monza,cliente
405,Andrea,Bianchi,andreabianchi397,VFHaiacCRiQ1pMx3P2Cx9g==:JFcto2CJWnrGvO8sBRJDuzyM/+A06E78GcZl8k1sceA=,,Bergamo,cliente
406,Chiara,Russo,chiararusso398,T58Qk1QslwAdWEOm9m8gmg==:flZ15ShnMda2sga1FsryTzT/UT6rw2moSLWVOoSsTSI=,,Bergamo,cliente
407,Luca,Fontana,lucafontana399,aFq+cYrG16d6qjS3hht8Nw==:CDQOKJ91UKLBFrgRIa+c0vXXvlERvyFsDN8wqE7gSIs=,,Milano,cliente
