id,nome,cognome,username,password,dataNascita,domicilio,ruolo
1,Paolo,Colombo,proiez1,LY98994xaMKcXF+H3Ah27w==:JqXBd9DYJ8a67iXQeA7OD7/47Wdapp+fzHrTKSXPWZs=,,Milano,proiezionista
2,Elena,Ferrari,proiez2,L8YXy0jKpSrEFBfbNmzBgw==:j96u4F4J9wHwjgUg5JxmFk7TYj1A/UgwhePTznu0EXY=,,Monza,proiezionista
3,Luca,Rossi,bigl0,rWAqiuQrW2VAK5fWQIEwpA==:sbocjOFbVwnK/17duK8KbNjC0bw50+vIO+d+tfNIaMM=,,Milano,bigliettaio
4,Marco,Bianchi,bigl1,Qgazohe91r3CssfaClUYXA==:GjoVLDKWP4ZZPYpwipOI0M3jq0wTarcMKMMkHcrGYKI=,,Milano,bigliettaio
5,Giulia,Verdi,bigl2,jwfxF22jI5HwXUfha/wkLA==:PkUUaq9hR/1t8TJ1cUVh18OKYaQArojWmdJpYkUhNsc=,,Milano,bigliettaio
6,Anna,Gallo,bigl3,LqF1VtoMaNhiVbnY08fnOQ==:pdTM3DxqklQCwXqCUkv/Yvn8FoTMzuD44skBgBtSpN4=,,Milano,bigliettaio
7,Paolo,Ferrari,bigl4,WWBYahC9DDLUFgxT7n7Fhg==:3OdqwEjev5dZ+42RxdAf+BFSpWUg1VLfxfNX+7RjHXI=,,Milano,bigliettaio
8,Davide,Bruno,davidebruno0,oOayVXwR2R39h/PvF+qUiw==:IvlbZ2iQwcGJc3qd7fLzyqdeqyZMt8EJnSh/3ITQjZI=,,Monza,cliente
9,Giorgio,Muratore,giorgio111,dnNcsSxDhGEamtOA97wDwA==:TIvFotrm48nrkzMII70u0ANgWtdcvdyf2+UwCYxnUKw=,,Palermo,CLIENTE
10,utente1,utente1,utente1,FeRqwOCKRQ2gGF5Fm0mk0g==:bJUgGpClS21yxd20Vcg2mYEmn53yzjJ6cZZ+jvOxzlA=,1990-01-01,Milano,CLIENTE